{
  "train_loss": [
    0.021740100713335386,
    0.01754030956422036,
    0.01651241636829912,
    0.015440068696753188,
    0.014568635858997286,
    0.013412712074563054,
    0.012511861057473372,
    0.011491822622757854,
    0.010644545191799287,
    0.009914446843468297,
    0.00927883948032755,
    0.007977726141267252,
    0.0076027520682594284,
    0.007225334467450345,
    0.006983153093514248
  ],
  "train_f1": [
    0.2961806017537726,
    0.6319849290296684,
    0.6587719816609213,
    0.6722317288468846,
    0.6475555305344054,
    0.6952578196984579,
    0.7158978216015432,
    0.7342967425985093,
    0.7619836733054711,
    0.7682060597164918,
    0.795195309700083,
    0.8238663913290353,
    0.8223610145130477,
    0.8400774398575774,
    0.8453220700532885
  ],
  "val_loss": [
    0.016821956677343604,
    0.015728892932234135,
    0.015658970749071195,
    0.016711133280090388,
    0.014945303894001429,
    0.015217482764332381,
    0.016173199142958856,
    0.016108524384229776,
    0.017845615271616953,
    0.020521774060261348,
    0.020171970788017385,
    0.021590862376235153,
    0.023391869419895524,
    0.024606023158558678,
    0.02709024091398615
  ],
  "val_f1": [
    0.6480919496538919,
    0.6766119575113638,
    0.689826430150977,
    0.6796047205646705,
    0.6919691435348067,
    0.687569533309602,
    0.6790294494243468,
    0.6798853915541544,
    0.6572651466134385,
    0.6640765407936583,
    0.6680840347133171,
    0.6586721007816488,
    0.6818824322131493,
    0.6746464066160204,
    0.6651970966440276
  ],
  "thresholds_history": [
    [
      0.4,
      0.4,
      0.3
    ],
    [
      0.4,
      0.4,
      0.35
    ],
    [
      0.4,
      0.4,
      0.35
    ],
    [
      0.35,
      0.3,
      0.3
    ],
    [
      0.45,
      0.4,
      0.35
    ],
    [
      0.45,
      0.4,
      0.35
    ],
    [
      0.4,
      0.35,
      0.3
    ],
    [
      0.4,
      0.35,
      0.35
    ],
    [
      0.4,
      0.3,
      0.35
    ],
    [
      0.4,
      0.35,
      0.35
    ],
    [
      0.4,
      0.35,
      0.35
    ],
    [
      0.4,
      0.3,
      0.35
    ],
    [
      0.4,
      0.35,
      0.35
    ],
    [
      0.4,
      0.35,
      0.35
    ],
    [
      0.35,
      0.3,
      0.35
    ]
  ],
  "test_metrics": {
    "f1_kick": 0.6487936597471402,
    "f1_snare": 0.6273328340029625,
    "f1_hihat": 0.5751552795031056,
    "f1_avg": 0.6170939244177361,
    "precision_avg": 0.6339849729295497,
    "recall_avg": 0.6017966427358119,
    "precision_kick": 0.6599697458043581,
    "precision_snare": 0.6289884906896229,
    "precision_hihat": 0.6129966822946683,
    "recall_kick": 0.6379897875773628,
    "recall_snare": 0.6256858706470037,
    "recall_hihat": 0.5417142699830693,
    "loss": 0.01811651906288272
  },
  "best_thresholds": [
    0.45,
    0.4,
    0.35
  ]
}